{
    "rmse": 0.7123290744541197,
    "mae": 0.5495355539885413,
    "r2": 0.252678360303895
}