{
    "rmse": 0.6256869904680538,
    "mae": 0.5042967721256355,
    "r2": 0.30917852889506825
}